	SNPS	REGION	CHR_POS	P_VALUE	RISK_ALLELE_FREQUENCY
0	rs72928038	6q15	90267049	6e-14	0.17
1	rs1538171	6q22.32	126431738	7e-10	0.45
2	rs4320356	6p22.2	26423332	3e-08	0.28
3	rs1770	6p21.32	32660056	2e-232	0.46
4	rs2647044	6p21.32	32700133	1e-16	0.13
5	rs11755527	6q15	90248512	5e-08	NR
6	rs9388489	6q22.32	126377573	4e-13	0.45
7	rs9268645	6p21.32	32440750	1e-100	NR
8	rs11755527	6q15	90248512	5e-12	0.47
9	rs9272346	6p21.32	32636595	6e-129	NR
10	rs9272346	6p21.32	32636595	5e-134	0.61
11	rs3757247	6q15	90247744	1e-06	NR
12	rs11755527	6q15	90248512	3e-08	NR
13	rs924043	6q27	170063801	8e-09	0.85
14	rs1050979	6p25.3	410417	6e-14	0.515138
15	rs9405661	6p25.3	424915	2e-09	0.514
16	rs12665429	6q23.3	137682468	1e-13	0.37
17	rs212408	6q25.3	159049210	1e-15	0.638
18	rs9405661	6p25.3	424915	2e-09	0.514
19	rs12665429	6q23.3	137682468	1e-13	0.37
20	rs212408	6q25.3	159049210	1e-15	0.638
21	rs72928038	6q15	90267049	1e-11	0.177
22	rs2045258	6q22.32	126353208	2e-09	0.449
23	rs9273363	6p21.32	32658495	5e-138	0.13
24	rs1578060	6q22.32	126391101	2e-06	0.13
25	rs138748427	6p21.32	32516743	3e-09	0.507810792
26	rs9273367	6p21.32	32658661	6e-306	NR
27	rs17711850	6q15	90155151	2e-09	NR
